{
	"partitions" : [
		{
			"name" : "Top",
			"pins" : [
				{
					"name" : "LEDR[0]",
					"strict" : false
				},
				{
					"name" : "LEDR[1]",
					"strict" : false
				},
				{
					"name" : "LEDR[2]",
					"strict" : false
				},
				{
					"name" : "LEDR[3]",
					"strict" : false
				},
				{
					"name" : "LEDG[0]",
					"strict" : false
				},
				{
					"name" : "LEDG[1]",
					"strict" : false
				},
				{
					"name" : "LEDG[2]",
					"strict" : false
				},
				{
					"name" : "LEDG[3]",
					"strict" : false
				},
				{
					"name" : "HEX0[0]",
					"strict" : false
				},
				{
					"name" : "HEX0[2]",
					"strict" : false
				},
				{
					"name" : "HEX0[3]",
					"strict" : false
				},
				{
					"name" : "HEX0[4]",
					"strict" : false
				},
				{
					"name" : "HEX0[5]",
					"strict" : false
				},
				{
					"name" : "HEX0[6]",
					"strict" : false
				},
				{
					"name" : "HEX4[0]",
					"strict" : false
				},
				{
					"name" : "HEX4[1]",
					"strict" : false
				},
				{
					"name" : "HEX4[2]",
					"strict" : false
				},
				{
					"name" : "HEX4[3]",
					"strict" : false
				},
				{
					"name" : "HEX4[4]",
					"strict" : false
				},
				{
					"name" : "HEX4[5]",
					"strict" : false
				},
				{
					"name" : "HEX4[6]",
					"strict" : false
				},
				{
					"name" : "HEX6[0]",
					"strict" : false
				},
				{
					"name" : "HEX6[1]",
					"strict" : false
				},
				{
					"name" : "HEX6[2]",
					"strict" : false
				},
				{
					"name" : "HEX6[3]",
					"strict" : false
				},
				{
					"name" : "HEX6[4]",
					"strict" : false
				},
				{
					"name" : "HEX6[5]",
					"strict" : false
				},
				{
					"name" : "HEX6[6]",
					"strict" : false
				},
				{
					"name" : "SW[0]",
					"strict" : false
				},
				{
					"name" : "CLOCK_50",
					"strict" : false
				},
				{
					"name" : "SW[1]",
					"strict" : false
				}
			]
		}
	]
}