{
	"partitions" : [
		{
			"name" : "Top",
			"pins" : [
				{
					"name" : "Y",
					"strict" : false
				},
				{
					"name" : "X5",
					"strict" : false
				},
				{
					"name" : "S[2]",
					"strict" : false
				},
				{
					"name" : "X3",
					"strict" : false
				},
				{
					"name" : "S[1]",
					"strict" : false
				},
				{
					"name" : "X1",
					"strict" : false
				},
				{
					"name" : "X7",
					"strict" : false
				},
				{
					"name" : "X2",
					"strict" : false
				},
				{
					"name" : "X4",
					"strict" : false
				},
				{
					"name" : "X0",
					"strict" : false
				},
				{
					"name" : "X6",
					"strict" : false
				},
				{
					"name" : "S[0]",
					"strict" : false
				}
			]
		}
	]
}